<?xml version="1.0" encoding="UTF-8"?>
<GenRun Id="impl_1" LaunchPart="xc7z020clg400-1" LaunchTime="1681752292">
  <File Type="ROUTE-PWR" Name="main_power_routed.rpt"/>
  <File Type="PA-TCL" Name="main.tcl"/>
  <File Type="ROUTE-PWR-SUM" Name="main_power_summary_routed.pb"/>
  <File Type="REPORTS-TCL" Name="main_reports.tcl"/>
  <File Type="BITSTR-MSK" Name="main.msk"/>
  <File Type="ROUTE-CLK" Name="main_clock_utilization_routed.rpt"/>
  <File Type="RDI-RDI" Name="main.vdi"/>
  <File Type="BG-BIT" Name="main.bit"/>
  <File Type="BG-DRC" Name="main.drc"/>
  <File Type="BG-BGN" Name="main.bgn"/>
  <File Type="BG-BIN" Name="main.bin"/>
  <File Type="BITSTR-RBT" Name="main.rbt"/>
  <File Type="BITSTR-NKY" Name="main.nky"/>
  <File Type="BITSTR-BMM" Name="main_bd.bmm"/>
  <File Type="BITSTR-MMI" Name="main.mmi"/>
  <File Type="ROUTE-METHODOLOGY-DRC" Name="main_methodology_drc_routed.rpt"/>
  <File Type="BITSTR-SYSDEF" Name="main.sysdef"/>
  <File Type="BITSTR-LTX" Name="debug_nets.ltx"/>
  <File Type="BITSTR-LTX" Name="main.ltx"/>
  <File Type="WBT-USG" Name="usage_statistics_webtalk.html"/>
  <File Type="OPT-DRC" Name="main_drc_opted.rpt"/>
  <File Type="OPT-HWDEF" Name="main.hwdef"/>
  <File Type="PLACE-IO" Name="main_io_placed.rpt"/>
  <File Type="PLACE-UTIL" Name="main_utilization_placed.rpt"/>
  <File Type="PLACE-UTIL-PB" Name="main_utilization_placed.pb"/>
  <File Type="PLACE-CTRL" Name="main_control_sets_placed.rpt"/>
  <File Type="PLACE-PRE-SIMILARITY" Name="main_incremental_reuse_pre_placed.rpt"/>
  <File Type="ROUTE-DRC" Name="main_drc_routed.rpt"/>
  <File Type="ROUTE-DRC-PB" Name="main_drc_routed.pb"/>
  <File Type="ROUTE-PWR-RPX" Name="main_power_routed.rpx"/>
  <File Type="ROUTE-STATUS" Name="main_route_status.rpt"/>
  <File Type="ROUTE-STATUS-PB" Name="main_route_status.pb"/>
  <File Type="ROUTE-DCP" Name="main_routed.dcp"/>
  <File Type="ROUTE-ERROR-DCP" Name="main_routed_error.dcp"/>
  <File Type="ROUTE-BLACKBOX-DCP" Name="main_routed_bb.dcp"/>
  <File Type="ROUTE-TIMINGSUMMARY" Name="main_timing_summary_routed.rpt"/>
  <File Type="ROUTE-TIMING-PB" Name="main_timing_summary_routed.pb"/>
  <File Type="ROUTE-TIMING-RPX" Name="main_timing_summary_routed.rpx"/>
  <File Type="ROUTE-BUS-SKEW" Name="main_bus_skew_routed.rpt"/>
  <File Type="ROUTE-BUS-SKEW-PB" Name="main_bus_skew_routed.pb"/>
  <File Type="ROUTE-BUS-SKEW-RPX" Name="main_bus_skew_routed.rpx"/>
  <File Type="OPT-DCP" Name="main_opt.dcp"/>
  <File Type="PLACE-DCP" Name="main_placed.dcp"/>
  <File Type="PWROPT-DCP" Name="main_pwropt.dcp"/>
  <File Type="POSTPLACE-PWROPT-DCP" Name="main_postplace_pwropt.dcp"/>
  <File Type="PHYSOPT-DCP" Name="main_physopt.dcp"/>
  <File Type="POSTROUTE-PHYSOPT-DCP" Name="main_postroute_physopt.dcp"/>
  <File Type="POSTROUTE-PHYSOPT-BLACKBOX-DCP" Name="main_postroute_physopt_bb.dcp"/>
  <File Type="ROUTE-METHODOLOGY-DRC-PB" Name="main_methodology_drc_routed.pb"/>
  <File Type="ROUTE-DRC-RPX" Name="main_drc_routed.rpx"/>
  <File Type="ROUTE-METHODOLOGY-DRC-RPX" Name="main_methodology_drc_routed.rpx"/>
  <File Type="PDI-FILE" Name="main.pdi"/>
  <File Type="RCFI_FILE" Name="main.rcfi"/>
  <File Type="CFI_FILE" Name="main.cfi"/>
  <File Type="RNPI_FILE" Name="main.rnpi"/>
  <File Type="NPI_FILE" Name="main.npi"/>
  <File Type="RBD_FILE" Name="main.rbd"/>
  <FileSet Name="sources" Type="DesignSrcs" RelSrcDir="$PSRCDIR/sources_1" RelGenDir="$PGENDIR/sources_1">
    <Filter Type="Srcs"/>
    <File Path="$PSRCDIR/sources_1/bd/main/main.bd">
      <FileInfo>
        <Attr Name="ImportPath" Val="$PPRDIR/../../../../../../../../Documents/VivadoProjects/qst_bram_nops/qst_bram_nops.srcs/sources_1/bd/main/main.bd"/>
        <Attr Name="ImportTime" Val="1676407646"/>
        <Attr Name="UsedIn" Val="synthesis"/>
        <Attr Name="UsedIn" Val="implementation"/>
        <Attr Name="UsedIn" Val="simulation"/>
      </FileInfo>
    </File>
    <File Path="$PSRCDIR/sources_1/ip/blk_mem_gen_0/blk_mem_gen_0.xci">
      <FileInfo>
        <Attr Name="UserDisabled" Val="1"/>
        <Attr Name="ImportPath" Val="$PPRDIR/../../../../../../../../Documents/VivadoProjects/qst_bram_nops/qst_bram_nops.srcs/sources_1/ip/blk_mem_gen_0/blk_mem_gen_0.xci"/>
        <Attr Name="ImportTime" Val="1676072451"/>
        <Attr Name="UsedIn" Val="synthesis"/>
        <Attr Name="UsedIn" Val="implementation"/>
        <Attr Name="UsedIn" Val="simulation"/>
      </FileInfo>
    </File>
    <File Path="$PSRCDIR/sources_1/ip/blk_mem_gen_1/blk_mem_gen_1.xci">
      <FileInfo>
        <Attr Name="UserDisabled" Val="1"/>
        <Attr Name="ImportPath" Val="$PPRDIR/../../../../../../../../Documents/VivadoProjects/qst_bram_nops/qst_bram_nops.srcs/sources_1/ip/blk_mem_gen_1/blk_mem_gen_1.xci"/>
        <Attr Name="ImportTime" Val="1676072430"/>
        <Attr Name="UsedIn" Val="synthesis"/>
        <Attr Name="UsedIn" Val="implementation"/>
        <Attr Name="UsedIn" Val="simulation"/>
      </FileInfo>
    </File>
    <File Path="$PSRCDIR/sources_1/imports/main_wrapper.v">
      <FileInfo>
        <Attr Name="UserDisabled" Val="1"/>
        <Attr Name="ImportPath" Val="$PPRDIR/../../../../../../../../Documents/VivadoProjects/qst_bram_nops/qst_bram_nops.gen/sources_1/bd/main/hdl/main_wrapper.v"/>
        <Attr Name="ImportTime" Val="1676072566"/>
        <Attr Name="UsedIn" Val="synthesis"/>
        <Attr Name="UsedIn" Val="implementation"/>
        <Attr Name="UsedIn" Val="simulation"/>
      </FileInfo>
    </File>
    <File Path="$PSRCDIR/sources_1/new/add_mult_div_32.v">
      <FileInfo>
        <Attr Name="UserDisabled" Val="1"/>
        <Attr Name="ImportPath" Val="$PPRDIR/../../../../../../../../Documents/VivadoProjects/qst_bram_nops/qst_bram_nops.srcs/sources_1/new/add_mult_div_32.v"/>
        <Attr Name="ImportTime" Val="1658332948"/>
        <Attr Name="UsedIn" Val="synthesis"/>
        <Attr Name="UsedIn" Val="implementation"/>
        <Attr Name="UsedIn" Val="simulation"/>
      </FileInfo>
    </File>
    <File Path="$PSRCDIR/sources_1/new/bram_controller.v">
      <FileInfo>
        <Attr Name="UserDisabled" Val="1"/>
        <Attr Name="ImportPath" Val="$PPRDIR/../../../../../../../../Documents/VivadoProjects/qst_bram_nops/qst_bram_nops.srcs/sources_1/new/bram_controller.v"/>
        <Attr Name="ImportTime" Val="1669151731"/>
        <Attr Name="UsedIn" Val="synthesis"/>
        <Attr Name="UsedIn" Val="implementation"/>
        <Attr Name="UsedIn" Val="simulation"/>
      </FileInfo>
    </File>
    <File Path="$PSRCDIR/sources_1/new/brom_controller.v">
      <FileInfo>
        <Attr Name="UserDisabled" Val="1"/>
        <Attr Name="ImportPath" Val="$PPRDIR/../../../../../../../../Documents/VivadoProjects/qst_bram_nops/qst_bram_nops.srcs/sources_1/new/brom_controller.v"/>
        <Attr Name="ImportTime" Val="1671493320"/>
        <Attr Name="UsedIn" Val="synthesis"/>
        <Attr Name="UsedIn" Val="implementation"/>
        <Attr Name="UsedIn" Val="simulation"/>
      </FileInfo>
    </File>
    <File Path="$PSRCDIR/sources_1/new/qst_32.v">
      <FileInfo>
        <Attr Name="UserDisabled" Val="1"/>
        <Attr Name="ImportPath" Val="$PPRDIR/../../../../../../../../Documents/VivadoProjects/qst_bram_nops/qst_bram_nops.srcs/sources_1/new/qst_32.v"/>
        <Attr Name="ImportTime" Val="1670533190"/>
        <Attr Name="UsedIn" Val="synthesis"/>
        <Attr Name="UsedIn" Val="implementation"/>
        <Attr Name="UsedIn" Val="simulation"/>
      </FileInfo>
    </File>
    <File Path="$PSRCDIR/sources_1/new/b_32.mem">
      <FileInfo>
        <Attr Name="ImportPath" Val="$PPRDIR/../../../../../../../../Documents/VivadoProjects/qst_bram_nops/qst_bram_nops.srcs/sources_1/new/b_32.mem"/>
        <Attr Name="ImportTime" Val="1658346997"/>
        <Attr Name="UsedIn" Val="synthesis"/>
        <Attr Name="UsedIn" Val="simulation"/>
      </FileInfo>
    </File>
    <File Path="$PSRCDIR/sources_1/new/indices_2.mem">
      <FileInfo>
        <Attr Name="ImportPath" Val="$PPRDIR/../../../../../../../../Documents/VivadoProjects/qst_bram_nops/qst_bram_nops.srcs/sources_1/new/indices_2.mem"/>
        <Attr Name="ImportTime" Val="1668804385"/>
        <Attr Name="UsedIn" Val="synthesis"/>
        <Attr Name="UsedIn" Val="simulation"/>
      </FileInfo>
    </File>
    <File Path="$PSRCDIR/sources_1/ip/blk_mem_gen_1/COE_Files/ind2.coe">
      <FileInfo>
        <Attr Name="ImportPath" Val="$PPRDIR/../../../../../../../../Documents/VivadoProjects/qst_bram_nops/qst_bram_nops.srcs/sources_1/ip/blk_mem_gen_1/COE_Files/ind2.coe"/>
        <Attr Name="ImportTime" Val="1669151188"/>
        <Attr Name="UsedIn" Val="synthesis"/>
        <Attr Name="UsedIn" Val="simulation"/>
      </FileInfo>
    </File>
    <File Path="$PSRCDIR/sources_1/new/b_32_lagos6.mem">
      <FileInfo>
        <Attr Name="ImportPath" Val="$PPRDIR/../../../../../../../../Documents/VivadoProjects/qst_bram_nops/qst_bram_nops.srcs/sources_1/new/b_32_lagos6.mem"/>
        <Attr Name="ImportTime" Val="1671228871"/>
        <Attr Name="UsedIn" Val="synthesis"/>
        <Attr Name="UsedIn" Val="simulation"/>
      </FileInfo>
    </File>
    <File Path="$PSRCDIR/sources_1/new/b_32_lagos5.mem">
      <FileInfo>
        <Attr Name="ImportPath" Val="$PPRDIR/../../../../../../../../Documents/VivadoProjects/qst_bram_nops/qst_bram_nops.srcs/sources_1/new/b_32_lagos5.mem"/>
        <Attr Name="ImportTime" Val="1671228839"/>
        <Attr Name="UsedIn" Val="synthesis"/>
        <Attr Name="UsedIn" Val="simulation"/>
      </FileInfo>
    </File>
    <File Path="$PSRCDIR/sources_1/new/b_32_lagos3.mem">
      <FileInfo>
        <Attr Name="ImportPath" Val="$PPRDIR/../../../../../../../../Documents/VivadoProjects/qst_bram_nops/qst_bram_nops.srcs/sources_1/new/b_32_lagos3.mem"/>
        <Attr Name="ImportTime" Val="1671228784"/>
        <Attr Name="UsedIn" Val="synthesis"/>
        <Attr Name="UsedIn" Val="simulation"/>
      </FileInfo>
    </File>
    <File Path="$PSRCDIR/sources_1/new/b_32_lagos2.mem">
      <FileInfo>
        <Attr Name="ImportPath" Val="$PPRDIR/../../../../../../../../Documents/VivadoProjects/qst_bram_nops/qst_bram_nops.srcs/sources_1/new/b_32_lagos2.mem"/>
        <Attr Name="ImportTime" Val="1671228739"/>
        <Attr Name="UsedIn" Val="synthesis"/>
        <Attr Name="UsedIn" Val="simulation"/>
      </FileInfo>
    </File>
    <File Path="$PSRCDIR/sources_1/new/b_32_lagos1.mem">
      <FileInfo>
        <Attr Name="ImportPath" Val="$PPRDIR/../../../../../../../../Documents/VivadoProjects/qst_bram_nops/qst_bram_nops.srcs/sources_1/new/b_32_lagos1.mem"/>
        <Attr Name="ImportTime" Val="1671228760"/>
        <Attr Name="UsedIn" Val="synthesis"/>
        <Attr Name="UsedIn" Val="simulation"/>
      </FileInfo>
    </File>
    <File Path="$PSRCDIR/sources_1/new/b_32_lagos4.mem">
      <FileInfo>
        <Attr Name="ImportPath" Val="$PPRDIR/../../../../../../../../Documents/VivadoProjects/qst_bram_nops/qst_bram_nops.srcs/sources_1/new/b_32_lagos4.mem"/>
        <Attr Name="ImportTime" Val="1671228813"/>
        <Attr Name="UsedIn" Val="synthesis"/>
        <Attr Name="UsedIn" Val="simulation"/>
      </FileInfo>
    </File>
    <File Path="$PSRCDIR/sources_1/ip/blk_mem_gen_1/COE_Files/ind3.coe">
      <FileInfo>
        <Attr Name="ImportPath" Val="$PPRDIR/../../../../../../../../Documents/VivadoProjects/qst_bram_nops/qst_bram_nops.srcs/sources_1/ip/blk_mem_gen_1/COE_Files/ind3.coe"/>
        <Attr Name="ImportTime" Val="1669151177"/>
        <Attr Name="UsedIn" Val="synthesis"/>
        <Attr Name="UsedIn" Val="simulation"/>
      </FileInfo>
    </File>
    <File Path="$PSRCDIR/sources_1/ip/blk_mem_gen_1/COE_Files/ind5.coe">
      <FileInfo>
        <Attr Name="ImportPath" Val="$PPRDIR/../../../../../../../../Documents/VivadoProjects/qst_bram_nops/qst_bram_nops.srcs/sources_1/ip/blk_mem_gen_1/COE_Files/ind5.coe"/>
        <Attr Name="ImportTime" Val="1669151165"/>
        <Attr Name="UsedIn" Val="synthesis"/>
        <Attr Name="UsedIn" Val="simulation"/>
      </FileInfo>
    </File>
    <File Path="$PSRCDIR/sources_1/ip/blk_mem_gen_1/COE_Files/ind6.coe">
      <FileInfo>
        <Attr Name="ImportPath" Val="$PPRDIR/../../../../../../../../Documents/VivadoProjects/qst_bram_nops/qst_bram_nops.srcs/sources_1/ip/blk_mem_gen_1/COE_Files/ind6.coe"/>
        <Attr Name="ImportTime" Val="1669151159"/>
        <Attr Name="UsedIn" Val="synthesis"/>
        <Attr Name="UsedIn" Val="simulation"/>
      </FileInfo>
    </File>
    <File Path="$PSRCDIR/sources_1/imports/imports/ind3.coe">
      <FileInfo>
        <Attr Name="ImportPath" Val="$PPRDIR/../../../../../../../../Documents/VivadoProjects/QST_Optica_Feb23/QST_Optica_Feb23.srcs/sources_1/imports/ind3.coe"/>
        <Attr Name="ImportTime" Val="1676072566"/>
        <Attr Name="UsedIn" Val="synthesis"/>
        <Attr Name="UsedIn" Val="simulation"/>
      </FileInfo>
    </File>
    <File Path="$PSRCDIR/sources_1/imports/ind3.coe">
      <FileInfo>
        <Attr Name="ImportPath" Val="$PPRDIR/../../../../../../../../Documents/VivadoProjects/QST_TreeFixedPoint/QST_TreeFixedPoint.gen/sources_1/bd/main/qst_bram_nops/qst_bram_nops.srcs/sources_1/ip/blk_mem_gen_1/COE_Files/ind3.coe"/>
        <Attr Name="ImportTime" Val="1681752260"/>
        <Attr Name="UsedIn" Val="synthesis"/>
        <Attr Name="UsedIn" Val="simulation"/>
      </FileInfo>
    </File>
    <File Path="$PSRCDIR/sources_1/imports/src/b_sign32_lagos1.mem">
      <FileInfo>
        <Attr Name="ImportPath" Val="$PPRDIR/../../../../../../../../Documents/VivadoProjects/ip_repo/axi_qst_1.0/src/b_sign32_lagos1.mem"/>
        <Attr Name="ImportTime" Val="1675790172"/>
        <Attr Name="UsedIn" Val="synthesis"/>
        <Attr Name="UsedIn" Val="simulation"/>
      </FileInfo>
    </File>
    <File Path="$PSRCDIR/sources_1/imports/src/b_sign32_lagos2.mem">
      <FileInfo>
        <Attr Name="ImportPath" Val="$PPRDIR/../../../../../../../../Documents/VivadoProjects/ip_repo/axi_qst_1.0/src/b_sign32_lagos2.mem"/>
        <Attr Name="ImportTime" Val="1675790141"/>
        <Attr Name="UsedIn" Val="synthesis"/>
        <Attr Name="UsedIn" Val="simulation"/>
      </FileInfo>
    </File>
    <File Path="$PSRCDIR/sources_1/imports/src/b_sign32_lagos7.mem">
      <FileInfo>
        <Attr Name="ImportPath" Val="$PPRDIR/../../../../../../../../Documents/VivadoProjects/ip_repo/axi_qst_1.0/src/b_sign32_lagos7.mem"/>
        <Attr Name="ImportTime" Val="1676061495"/>
        <Attr Name="UsedIn" Val="synthesis"/>
        <Attr Name="UsedIn" Val="simulation"/>
      </FileInfo>
    </File>
    <File Path="$PSRCDIR/sources_1/imports/src/b_sign32_lagos4.mem">
      <FileInfo>
        <Attr Name="ImportPath" Val="$PPRDIR/../../../../../../../../Documents/VivadoProjects/ip_repo/axi_qst_1.0/src/b_sign32_lagos4.mem"/>
        <Attr Name="ImportTime" Val="1675790217"/>
        <Attr Name="UsedIn" Val="synthesis"/>
        <Attr Name="UsedIn" Val="simulation"/>
      </FileInfo>
    </File>
    <File Path="$PSRCDIR/sources_1/imports/src/b_sign32_lagos5.mem">
      <FileInfo>
        <Attr Name="ImportPath" Val="$PPRDIR/../../../../../../../../Documents/VivadoProjects/ip_repo/axi_qst_1.0/src/b_sign32_lagos5.mem"/>
        <Attr Name="ImportTime" Val="1675790249"/>
        <Attr Name="UsedIn" Val="synthesis"/>
        <Attr Name="UsedIn" Val="simulation"/>
      </FileInfo>
    </File>
    <File Path="$PSRCDIR/sources_1/imports/src/b_sign32_lagos6.mem">
      <FileInfo>
        <Attr Name="ImportPath" Val="$PPRDIR/../../../../../../../../Documents/VivadoProjects/ip_repo/axi_qst_1.0/src/b_sign32_lagos6.mem"/>
        <Attr Name="ImportTime" Val="1675790302"/>
        <Attr Name="UsedIn" Val="synthesis"/>
        <Attr Name="UsedIn" Val="simulation"/>
      </FileInfo>
    </File>
    <File Path="$PSRCDIR/sources_1/imports/src/b_sign32_lagos3.mem">
      <FileInfo>
        <Attr Name="ImportPath" Val="$PPRDIR/../../../../../../../../Documents/VivadoProjects/ip_repo/axi_qst_1.0/src/b_sign32_lagos3.mem"/>
        <Attr Name="ImportTime" Val="1675790195"/>
        <Attr Name="UsedIn" Val="synthesis"/>
        <Attr Name="UsedIn" Val="simulation"/>
      </FileInfo>
    </File>
    <File Path="$PSRCDIR/sources_1/imports/ind2.coe">
      <FileInfo>
        <Attr Name="ImportPath" Val="$PPRDIR/../../../../../../../../Documents/VivadoProjects/QST_TreeFixedPoint/QST_TreeFixedPoint.gen/sources_1/bd/main/qst_bram_nops/qst_bram_nops.srcs/sources_1/ip/blk_mem_gen_1/COE_Files/ind2.coe"/>
        <Attr Name="ImportTime" Val="1681752260"/>
        <Attr Name="UsedIn" Val="synthesis"/>
        <Attr Name="UsedIn" Val="simulation"/>
      </FileInfo>
    </File>
    <File Path="$PSRCDIR/sources_1/imports/ind1.coe">
      <FileInfo>
        <Attr Name="ImportPath" Val="$PPRDIR/../../../../../../../../Documents/VivadoProjects/QST_TreeFixedPoint/QST_TreeFixedPoint.gen/sources_1/bd/main/qst_bram_nops/qst_bram_nops.srcs/sources_1/ip/blk_mem_gen_1/COE_Files/ind1.coe"/>
        <Attr Name="ImportTime" Val="1681752260"/>
        <Attr Name="UsedIn" Val="synthesis"/>
        <Attr Name="UsedIn" Val="simulation"/>
      </FileInfo>
    </File>
    <File Path="$PSRCDIR/sources_1/imports/ind6.coe">
      <FileInfo>
        <Attr Name="ImportPath" Val="$PPRDIR/../../../../../../../../Documents/VivadoProjects/QST_TreeFixedPoint/QST_TreeFixedPoint.gen/sources_1/bd/main/qst_bram_nops/qst_bram_nops.srcs/sources_1/ip/blk_mem_gen_1/COE_Files/ind6.coe"/>
        <Attr Name="ImportTime" Val="1681752260"/>
        <Attr Name="UsedIn" Val="synthesis"/>
        <Attr Name="UsedIn" Val="simulation"/>
      </FileInfo>
    </File>
    <File Path="$PSRCDIR/sources_1/imports/ind4.coe">
      <FileInfo>
        <Attr Name="ImportPath" Val="$PPRDIR/../../../../../../../../Documents/VivadoProjects/QST_TreeFixedPoint/QST_TreeFixedPoint.gen/sources_1/bd/main/qst_bram_nops/qst_bram_nops.srcs/sources_1/ip/blk_mem_gen_1/COE_Files/ind4.coe"/>
        <Attr Name="ImportTime" Val="1681752260"/>
        <Attr Name="UsedIn" Val="synthesis"/>
        <Attr Name="UsedIn" Val="simulation"/>
      </FileInfo>
    </File>
    <File Path="$PSRCDIR/sources_1/imports/ind5.coe">
      <FileInfo>
        <Attr Name="ImportPath" Val="$PPRDIR/../../../../../../../../Documents/VivadoProjects/QST_TreeFixedPoint/QST_TreeFixedPoint.gen/sources_1/bd/main/qst_bram_nops/qst_bram_nops.srcs/sources_1/ip/blk_mem_gen_1/COE_Files/ind5.coe"/>
        <Attr Name="ImportTime" Val="1681752260"/>
        <Attr Name="UsedIn" Val="synthesis"/>
        <Attr Name="UsedIn" Val="simulation"/>
      </FileInfo>
    </File>
    <Config>
      <Option Name="DesignMode" Val="RTL"/>
      <Option Name="TopModule" Val="main"/>
    </Config>
  </FileSet>
  <FileSet Name="constrs_in" Type="Constrs" RelSrcDir="$PSRCDIR/constrs_1">
    <Filter Type="Constrs"/>
    <File Path="$PSRCDIR/constrs_1/new/constraints.xdc">
      <FileInfo>
        <Attr Name="ImportPath" Val="$PPRDIR/../../../../../../../../Documents/VivadoProjects/qst_bram_nops/qst_bram_nops.srcs/constrs_1/new/constraints.xdc"/>
        <Attr Name="ImportTime" Val="1671048818"/>
        <Attr Name="UsedIn" Val="synthesis"/>
        <Attr Name="UsedIn" Val="implementation"/>
      </FileInfo>
    </File>
    <Config>
      <Option Name="ConstrsType" Val="XDC"/>
    </Config>
  </FileSet>
  <FileSet Name="utils" Type="Utils" RelSrcDir="$PSRCDIR/utils_1">
    <Filter Type="Utils"/>
    <File Path="$PSRCDIR/utils_1/imports/synth_1/qst.dcp">
      <FileInfo>
        <Attr Name="ImportPath" Val="$PPRDIR/../../../../../../../../Documents/VivadoProjects/qst_bram_nops/qst_bram_nops.srcs/utils_1/imports/synth_1/qst.dcp"/>
        <Attr Name="ImportTime" Val="1676072747"/>
        <Attr Name="UsedIn" Val="synthesis"/>
        <Attr Name="UsedIn" Val="implementation"/>
        <Attr Name="UsedInSteps" Val="synth_1"/>
        <Attr Name="AutoDcp" Val="1"/>
      </FileInfo>
    </File>
    <Config>
      <Option Name="TopAutoSet" Val="TRUE"/>
    </Config>
  </FileSet>
  <Strategy Version="1" Minor="2">
    <StratHandle Name="Vivado Implementation Defaults" Flow="Vivado Implementation 2021"/>
    <Step Id="init_design"/>
    <Step Id="opt_design"/>
    <Step Id="power_opt_design"/>
    <Step Id="place_design"/>
    <Step Id="post_place_power_opt_design"/>
    <Step Id="phys_opt_design"/>
    <Step Id="route_design"/>
    <Step Id="post_route_phys_opt_design"/>
    <Step Id="write_bitstream"/>
    <Step Id="write_device_image"/>
  </Strategy>
  <BlockFileSet Type="BlockSrcs" Name="main_axi_qst_0_0"/>
</GenRun>
