<?xml version="1.0" encoding="UTF-8"?>
<GenRun Id="synth_1" LaunchPart="xc7z020clg400-1" LaunchTime="1681752292" LaunchIncrCheckpoint="$PSRCDIR/utils_1/imports/synth_1/qst.dcp">
  <File Type="PA-TCL" Name="main.tcl"/>
  <File Type="REPORTS-TCL" Name="main_reports.tcl"/>
  <File Type="RDS-RDS" Name="main.vds"/>
  <File Type="RDS-UTIL" Name="main_utilization_synth.rpt"/>
  <File Type="RDS-UTIL-PB" Name="main_utilization_synth.pb"/>
  <File Type="RDS-DCP" Name="main.dcp"/>
  <FileSet Name="sources" Type="DesignSrcs" RelSrcDir="$PSRCDIR/sources_1" RelGenDir="$PGENDIR/sources_1">
    <Filter Type="Srcs"/>
    <File Path="$PSRCDIR/sources_1/bd/main/main.bd">
      <FileInfo>
        <Attr Name="ImportPath" Val="$PPRDIR/../../../../../../../../Documents/VivadoProjects/qst_bram_nops/qst_bram_nops.srcs/sources_1/bd/main/main.bd"/>
        <Attr Name="ImportTime" Val="1676407646"/>
        <Attr Name="UsedIn" Val="synthesis"/>
        <Attr Name="UsedIn" Val="implementation"/>
        <Attr Name="UsedIn" Val="simulation"/>
      </FileInfo>
    </File>
    <File Path="$PSRCDIR/sources_1/ip/blk_mem_gen_0/blk_mem_gen_0.xci">
      <FileInfo>
        <Attr Name="UserDisabled" Val="1"/>
        <Attr Name="ImportPath" Val="$PPRDIR/../../../../../../../../Documents/VivadoProjects/qst_bram_nops/qst_bram_nops.srcs/sources_1/ip/blk_mem_gen_0/blk_mem_gen_0.xci"/>
        <Attr Name="ImportTime" Val="1676072451"/>
        <Attr Name="UsedIn" Val="synthesis"/>
        <Attr Name="UsedIn" Val="implementation"/>
        <Attr Name="UsedIn" Val="simulation"/>
      </FileInfo>
    </File>
    <File Path="$PSRCDIR/sources_1/ip/blk_mem_gen_1/blk_mem_gen_1.xci">
      <FileInfo>
        <Attr Name="UserDisabled" Val="1"/>
        <Attr Name="ImportPath" Val="$PPRDIR/../../../../../../../../Documents/VivadoProjects/qst_bram_nops/qst_bram_nops.srcs/sources_1/ip/blk_mem_gen_1/blk_mem_gen_1.xci"/>
        <Attr Name="ImportTime" Val="1676072430"/>
        <Attr Name="UsedIn" Val="synthesis"/>
        <Attr Name="UsedIn" Val="implementation"/>
        <Attr Name="UsedIn" Val="simulation"/>
      </FileInfo>
    </File>
    <File Path="$PSRCDIR/sources_1/imports/main_wrapper.v">
      <FileInfo>
        <Attr Name="UserDisabled" Val="1"/>
        <Attr Name="ImportPath" Val="$PPRDIR/../../../../../../../../Documents/VivadoProjects/qst_bram_nops/qst_bram_nops.gen/sources_1/bd/main/hdl/main_wrapper.v"/>
        <Attr Name="ImportTime" Val="1676072566"/>
        <Attr Name="UsedIn" Val="synthesis"/>
        <Attr Name="UsedIn" Val="implementation"/>
        <Attr Name="UsedIn" Val="simulation"/>
      </FileInfo>
    </File>
    <File Path="$PSRCDIR/sources_1/new/add_mult_div_32.v">
      <FileInfo>
        <Attr Name="UserDisabled" Val="1"/>
        <Attr Name="ImportPath" Val="$PPRDIR/../../../../../../../../Documents/VivadoProjects/qst_bram_nops/qst_bram_nops.srcs/sources_1/new/add_mult_div_32.v"/>
        <Attr Name="ImportTime" Val="1658332948"/>
        <Attr Name="UsedIn" Val="synthesis"/>
        <Attr Name="UsedIn" Val="implementation"/>
        <Attr Name="UsedIn" Val="simulation"/>
      </FileInfo>
    </File>
    <File Path="$PSRCDIR/sources_1/new/bram_controller.v">
      <FileInfo>
        <Attr Name="UserDisabled" Val="1"/>
        <Attr Name="ImportPath" Val="$PPRDIR/../../../../../../../../Documents/VivadoProjects/qst_bram_nops/qst_bram_nops.srcs/sources_1/new/bram_controller.v"/>
        <Attr Name="ImportTime" Val="1669151731"/>
        <Attr Name="UsedIn" Val="synthesis"/>
        <Attr Name="UsedIn" Val="implementation"/>
        <Attr Name="UsedIn" Val="simulation"/>
      </FileInfo>
    </File>
    <File Path="$PSRCDIR/sources_1/new/brom_controller.v">
      <FileInfo>
        <Attr Name="UserDisabled" Val="1"/>
        <Attr Name="ImportPath" Val="$PPRDIR/../../../../../../../../Documents/VivadoProjects/qst_bram_nops/qst_bram_nops.srcs/sources_1/new/brom_controller.v"/>
        <Attr Name="ImportTime" Val="1671493320"/>
        <Attr Name="UsedIn" Val="synthesis"/>
        <Attr Name="UsedIn" Val="implementation"/>
        <Attr Name="UsedIn" Val="simulation"/>
      </FileInfo>
    </File>
    <File Path="$PSRCDIR/sources_1/new/qst_32.v">
      <FileInfo>
        <Attr Name="UserDisabled" Val="1"/>
        <Attr Name="ImportPath" Val="$PPRDIR/../../../../../../../../Documents/VivadoProjects/qst_bram_nops/qst_bram_nops.srcs/sources_1/new/qst_32.v"/>
        <Attr Name="ImportTime" Val="1670533190"/>
        <Attr Name="UsedIn" Val="synthesis"/>
        <Attr Name="UsedIn" Val="implementation"/>
        <Attr Name="UsedIn" Val="simulation"/>
      </FileInfo>
    </File>
    <File Path="$PSRCDIR/sources_1/new/b_32.mem">
      <FileInfo>
        <Attr Name="ImportPath" Val="$PPRDIR/../../../../../../../../Documents/VivadoProjects/qst_bram_nops/qst_bram_nops.srcs/sources_1/new/b_32.mem"/>
        <Attr Name="ImportTime" Val="1658346997"/>
        <Attr Name="UsedIn" Val="synthesis"/>
        <Attr Name="UsedIn" Val="simulation"/>
      </FileInfo>
    </File>
    <File Path="$PSRCDIR/sources_1/new/indices_2.mem">
      <FileInfo>
        <Attr Name="ImportPath" Val="$PPRDIR/../../../../../../../../Documents/VivadoProjects/qst_bram_nops/qst_bram_nops.srcs/sources_1/new/indices_2.mem"/>
        <Attr Name="ImportTime" Val="1668804385"/>
        <Attr Name="UsedIn" Val="synthesis"/>
        <Attr Name="UsedIn" Val="simulation"/>
      </FileInfo>
    </File>
    <File Path="$PSRCDIR/sources_1/ip/blk_mem_gen_1/COE_Files/ind2.coe">
      <FileInfo>
        <Attr Name="ImportPath" Val="$PPRDIR/../../../../../../../../Documents/VivadoProjects/qst_bram_nops/qst_bram_nops.srcs/sources_1/ip/blk_mem_gen_1/COE_Files/ind2.coe"/>
        <Attr Name="ImportTime" Val="1669151188"/>
        <Attr Name="UsedIn" Val="synthesis"/>
        <Attr Name="UsedIn" Val="simulation"/>
      </FileInfo>
    </File>
    <File Path="$PSRCDIR/sources_1/new/b_32_lagos6.mem">
      <FileInfo>
        <Attr Name="ImportPath" Val="$PPRDIR/../../../../../../../../Documents/VivadoProjects/qst_bram_nops/qst_bram_nops.srcs/sources_1/new/b_32_lagos6.mem"/>
        <Attr Name="ImportTime" Val="1671228871"/>
        <Attr Name="UsedIn" Val="synthesis"/>
        <Attr Name="UsedIn" Val="simulation"/>
      </FileInfo>
    </File>
    <File Path="$PSRCDIR/sources_1/new/b_32_lagos5.mem">
      <FileInfo>
        <Attr Name="ImportPath" Val="$PPRDIR/../../../../../../../../Documents/VivadoProjects/qst_bram_nops/qst_bram_nops.srcs/sources_1/new/b_32_lagos5.mem"/>
        <Attr Name="ImportTime" Val="1671228839"/>
        <Attr Name="UsedIn" Val="synthesis"/>
        <Attr Name="UsedIn" Val="simulation"/>
      </FileInfo>
    </File>
    <File Path="$PSRCDIR/sources_1/new/b_32_lagos3.mem">
      <FileInfo>
        <Attr Name="ImportPath" Val="$PPRDIR/../../../../../../../../Documents/VivadoProjects/qst_bram_nops/qst_bram_nops.srcs/sources_1/new/b_32_lagos3.mem"/>
        <Attr Name="ImportTime" Val="1671228784"/>
        <Attr Name="UsedIn" Val="synthesis"/>
        <Attr Name="UsedIn" Val="simulation"/>
      </FileInfo>
    </File>
    <File Path="$PSRCDIR/sources_1/new/b_32_lagos2.mem">
      <FileInfo>
        <Attr Name="ImportPath" Val="$PPRDIR/../../../../../../../../Documents/VivadoProjects/qst_bram_nops/qst_bram_nops.srcs/sources_1/new/b_32_lagos2.mem"/>
        <Attr Name="ImportTime" Val="1671228739"/>
        <Attr Name="UsedIn" Val="synthesis"/>
        <Attr Name="UsedIn" Val="simulation"/>
      </FileInfo>
    </File>
    <File Path="$PSRCDIR/sources_1/new/b_32_lagos1.mem">
      <FileInfo>
        <Attr Name="ImportPath" Val="$PPRDIR/../../../../../../../../Documents/VivadoProjects/qst_bram_nops/qst_bram_nops.srcs/sources_1/new/b_32_lagos1.mem"/>
        <Attr Name="ImportTime" Val="1671228760"/>
        <Attr Name="UsedIn" Val="synthesis"/>
        <Attr Name="UsedIn" Val="simulation"/>
      </FileInfo>
    </File>
    <File Path="$PSRCDIR/sources_1/new/b_32_lagos4.mem">
      <FileInfo>
        <Attr Name="ImportPath" Val="$PPRDIR/../../../../../../../../Documents/VivadoProjects/qst_bram_nops/qst_bram_nops.srcs/sources_1/new/b_32_lagos4.mem"/>
        <Attr Name="ImportTime" Val="1671228813"/>
        <Attr Name="UsedIn" Val="synthesis"/>
        <Attr Name="UsedIn" Val="simulation"/>
      </FileInfo>
    </File>
    <File Path="$PSRCDIR/sources_1/ip/blk_mem_gen_1/COE_Files/ind3.coe">
      <FileInfo>
        <Attr Name="ImportPath" Val="$PPRDIR/../../../../../../../../Documents/VivadoProjects/qst_bram_nops/qst_bram_nops.srcs/sources_1/ip/blk_mem_gen_1/COE_Files/ind3.coe"/>
        <Attr Name="ImportTime" Val="1669151177"/>
        <Attr Name="UsedIn" Val="synthesis"/>
        <Attr Name="UsedIn" Val="simulation"/>
      </FileInfo>
    </File>
    <File Path="$PSRCDIR/sources_1/ip/blk_mem_gen_1/COE_Files/ind5.coe">
      <FileInfo>
        <Attr Name="ImportPath" Val="$PPRDIR/../../../../../../../../Documents/VivadoProjects/qst_bram_nops/qst_bram_nops.srcs/sources_1/ip/blk_mem_gen_1/COE_Files/ind5.coe"/>
        <Attr Name="ImportTime" Val="1669151165"/>
        <Attr Name="UsedIn" Val="synthesis"/>
        <Attr Name="UsedIn" Val="simulation"/>
      </FileInfo>
    </File>
    <File Path="$PSRCDIR/sources_1/ip/blk_mem_gen_1/COE_Files/ind6.coe">
      <FileInfo>
        <Attr Name="ImportPath" Val="$PPRDIR/../../../../../../../../Documents/VivadoProjects/qst_bram_nops/qst_bram_nops.srcs/sources_1/ip/blk_mem_gen_1/COE_Files/ind6.coe"/>
        <Attr Name="ImportTime" Val="1669151159"/>
        <Attr Name="UsedIn" Val="synthesis"/>
        <Attr Name="UsedIn" Val="simulation"/>
      </FileInfo>
    </File>
    <File Path="$PSRCDIR/sources_1/imports/imports/ind3.coe">
      <FileInfo>
        <Attr Name="ImportPath" Val="$PPRDIR/../../../../../../../../Documents/VivadoProjects/QST_Optica_Feb23/QST_Optica_Feb23.srcs/sources_1/imports/ind3.coe"/>
        <Attr Name="ImportTime" Val="1676072566"/>
        <Attr Name="UsedIn" Val="synthesis"/>
        <Attr Name="UsedIn" Val="simulation"/>
      </FileInfo>
    </File>
    <File Path="$PSRCDIR/sources_1/imports/ind3.coe">
      <FileInfo>
        <Attr Name="ImportPath" Val="$PPRDIR/../../../../../../../../Documents/VivadoProjects/QST_TreeFixedPoint/QST_TreeFixedPoint.gen/sources_1/bd/main/qst_bram_nops/qst_bram_nops.srcs/sources_1/ip/blk_mem_gen_1/COE_Files/ind3.coe"/>
        <Attr Name="ImportTime" Val="1681752260"/>
        <Attr Name="UsedIn" Val="synthesis"/>
        <Attr Name="UsedIn" Val="simulation"/>
      </FileInfo>
    </File>
    <File Path="$PSRCDIR/sources_1/imports/src/b_sign32_lagos1.mem">
      <FileInfo>
        <Attr Name="ImportPath" Val="$PPRDIR/../../../../../../../../Documents/VivadoProjects/ip_repo/axi_qst_1.0/src/b_sign32_lagos1.mem"/>
        <Attr Name="ImportTime" Val="1675790172"/>
        <Attr Name="UsedIn" Val="synthesis"/>
        <Attr Name="UsedIn" Val="simulation"/>
      </FileInfo>
    </File>
    <File Path="$PSRCDIR/sources_1/imports/src/b_sign32_lagos2.mem">
      <FileInfo>
        <Attr Name="ImportPath" Val="$PPRDIR/../../../../../../../../Documents/VivadoProjects/ip_repo/axi_qst_1.0/src/b_sign32_lagos2.mem"/>
        <Attr Name="ImportTime" Val="1675790141"/>
        <Attr Name="UsedIn" Val="synthesis"/>
        <Attr Name="UsedIn" Val="simulation"/>
      </FileInfo>
    </File>
    <File Path="$PSRCDIR/sources_1/imports/src/b_sign32_lagos7.mem">
      <FileInfo>
        <Attr Name="ImportPath" Val="$PPRDIR/../../../../../../../../Documents/VivadoProjects/ip_repo/axi_qst_1.0/src/b_sign32_lagos7.mem"/>
        <Attr Name="ImportTime" Val="1676061495"/>
        <Attr Name="UsedIn" Val="synthesis"/>
        <Attr Name="UsedIn" Val="simulation"/>
      </FileInfo>
    </File>
    <File Path="$PSRCDIR/sources_1/imports/src/b_sign32_lagos4.mem">
      <FileInfo>
        <Attr Name="ImportPath" Val="$PPRDIR/../../../../../../../../Documents/VivadoProjects/ip_repo/axi_qst_1.0/src/b_sign32_lagos4.mem"/>
        <Attr Name="ImportTime" Val="1675790217"/>
        <Attr Name="UsedIn" Val="synthesis"/>
        <Attr Name="UsedIn" Val="simulation"/>
      </FileInfo>
    </File>
    <File Path="$PSRCDIR/sources_1/imports/src/b_sign32_lagos5.mem">
      <FileInfo>
        <Attr Name="ImportPath" Val="$PPRDIR/../../../../../../../../Documents/VivadoProjects/ip_repo/axi_qst_1.0/src/b_sign32_lagos5.mem"/>
        <Attr Name="ImportTime" Val="1675790249"/>
        <Attr Name="UsedIn" Val="synthesis"/>
        <Attr Name="UsedIn" Val="simulation"/>
      </FileInfo>
    </File>
    <File Path="$PSRCDIR/sources_1/imports/src/b_sign32_lagos6.mem">
      <FileInfo>
        <Attr Name="ImportPath" Val="$PPRDIR/../../../../../../../../Documents/VivadoProjects/ip_repo/axi_qst_1.0/src/b_sign32_lagos6.mem"/>
        <Attr Name="ImportTime" Val="1675790302"/>
        <Attr Name="UsedIn" Val="synthesis"/>
        <Attr Name="UsedIn" Val="simulation"/>
      </FileInfo>
    </File>
    <File Path="$PSRCDIR/sources_1/imports/src/b_sign32_lagos3.mem">
      <FileInfo>
        <Attr Name="ImportPath" Val="$PPRDIR/../../../../../../../../Documents/VivadoProjects/ip_repo/axi_qst_1.0/src/b_sign32_lagos3.mem"/>
        <Attr Name="ImportTime" Val="1675790195"/>
        <Attr Name="UsedIn" Val="synthesis"/>
        <Attr Name="UsedIn" Val="simulation"/>
      </FileInfo>
    </File>
    <File Path="$PSRCDIR/sources_1/imports/ind2.coe">
      <FileInfo>
        <Attr Name="ImportPath" Val="$PPRDIR/../../../../../../../../Documents/VivadoProjects/QST_TreeFixedPoint/QST_TreeFixedPoint.gen/sources_1/bd/main/qst_bram_nops/qst_bram_nops.srcs/sources_1/ip/blk_mem_gen_1/COE_Files/ind2.coe"/>
        <Attr Name="ImportTime" Val="1681752260"/>
        <Attr Name="UsedIn" Val="synthesis"/>
        <Attr Name="UsedIn" Val="simulation"/>
      </FileInfo>
    </File>
    <File Path="$PSRCDIR/sources_1/imports/ind1.coe">
      <FileInfo>
        <Attr Name="ImportPath" Val="$PPRDIR/../../../../../../../../Documents/VivadoProjects/QST_TreeFixedPoint/QST_TreeFixedPoint.gen/sources_1/bd/main/qst_bram_nops/qst_bram_nops.srcs/sources_1/ip/blk_mem_gen_1/COE_Files/ind1.coe"/>
        <Attr Name="ImportTime" Val="1681752260"/>
        <Attr Name="UsedIn" Val="synthesis"/>
        <Attr Name="UsedIn" Val="simulation"/>
      </FileInfo>
    </File>
    <File Path="$PSRCDIR/sources_1/imports/ind6.coe">
      <FileInfo>
        <Attr Name="ImportPath" Val="$PPRDIR/../../../../../../../../Documents/VivadoProjects/QST_TreeFixedPoint/QST_TreeFixedPoint.gen/sources_1/bd/main/qst_bram_nops/qst_bram_nops.srcs/sources_1/ip/blk_mem_gen_1/COE_Files/ind6.coe"/>
        <Attr Name="ImportTime" Val="1681752260"/>
        <Attr Name="UsedIn" Val="synthesis"/>
        <Attr Name="UsedIn" Val="simulation"/>
      </FileInfo>
    </File>
    <File Path="$PSRCDIR/sources_1/imports/ind4.coe">
      <FileInfo>
        <Attr Name="ImportPath" Val="$PPRDIR/../../../../../../../../Documents/VivadoProjects/QST_TreeFixedPoint/QST_TreeFixedPoint.gen/sources_1/bd/main/qst_bram_nops/qst_bram_nops.srcs/sources_1/ip/blk_mem_gen_1/COE_Files/ind4.coe"/>
        <Attr Name="ImportTime" Val="1681752260"/>
        <Attr Name="UsedIn" Val="synthesis"/>
        <Attr Name="UsedIn" Val="simulation"/>
      </FileInfo>
    </File>
    <File Path="$PSRCDIR/sources_1/imports/ind5.coe">
      <FileInfo>
        <Attr Name="ImportPath" Val="$PPRDIR/../../../../../../../../Documents/VivadoProjects/QST_TreeFixedPoint/QST_TreeFixedPoint.gen/sources_1/bd/main/qst_bram_nops/qst_bram_nops.srcs/sources_1/ip/blk_mem_gen_1/COE_Files/ind5.coe"/>
        <Attr Name="ImportTime" Val="1681752260"/>
        <Attr Name="UsedIn" Val="synthesis"/>
        <Attr Name="UsedIn" Val="simulation"/>
      </FileInfo>
    </File>
    <Config>
      <Option Name="DesignMode" Val="RTL"/>
      <Option Name="TopModule" Val="main"/>
    </Config>
  </FileSet>
  <FileSet Name="constrs_in" Type="Constrs" RelSrcDir="$PSRCDIR/constrs_1">
    <Filter Type="Constrs"/>
    <File Path="$PSRCDIR/constrs_1/new/constraints.xdc">
      <FileInfo>
        <Attr Name="ImportPath" Val="$PPRDIR/../../../../../../../../Documents/VivadoProjects/qst_bram_nops/qst_bram_nops.srcs/constrs_1/new/constraints.xdc"/>
        <Attr Name="ImportTime" Val="1671048818"/>
        <Attr Name="UsedIn" Val="synthesis"/>
        <Attr Name="UsedIn" Val="implementation"/>
      </FileInfo>
    </File>
    <Config>
      <Option Name="ConstrsType" Val="XDC"/>
    </Config>
  </FileSet>
  <FileSet Name="utils" Type="Utils" RelSrcDir="$PSRCDIR/utils_1">
    <Filter Type="Utils"/>
    <File Path="$PSRCDIR/utils_1/imports/synth_1/qst.dcp">
      <FileInfo>
        <Attr Name="ImportPath" Val="$PPRDIR/../../../../../../../../Documents/VivadoProjects/qst_bram_nops/qst_bram_nops.srcs/utils_1/imports/synth_1/qst.dcp"/>
        <Attr Name="ImportTime" Val="1676072747"/>
        <Attr Name="UsedIn" Val="synthesis"/>
        <Attr Name="UsedIn" Val="implementation"/>
        <Attr Name="UsedInSteps" Val="synth_1"/>
        <Attr Name="AutoDcp" Val="1"/>
      </FileInfo>
    </File>
    <Config>
      <Option Name="TopAutoSet" Val="TRUE"/>
    </Config>
  </FileSet>
  <Strategy Version="1" Minor="2">
    <StratHandle Name="Vivado Synthesis Defaults" Flow="Vivado Synthesis 2021"/>
    <Step Id="synth_design"/>
  </Strategy>
  <BlockFileSet Type="BlockSrcs" Name="main_axi_qst_0_0"/>
</GenRun>
